iter	Logloss
0	0.6882217607
1	0.6837955018
2	0.6793196742
3	0.6752447868
4	0.6713994985
5	0.6679619632
6	0.6644070236
7	0.6611966178
8	0.6581266318
9	0.6554069688
